Sr. No,Symbol,Name of the company
1,20MICRONS,20 Microns Limited 
2,3IINFOTECH,3i Infotech Limited 
3,3MINDIA,3M India Limited 
4,A2ZMES,A2Z Maintenance & Engineering Services Limited 
5,AANJANEYA,Aanjaneya Lifecare Limited 
6,AARTIDRUGS,Aarti Drugs Limited 
7,AARTIIND,Aarti Industries Limited 
8,AARVEEDEN,Aarvee Denims & Exports Limited 
9,ABAN,Aban Offshore Limited 
10,ABB,ABB Limited 
11,ABCIL,Aditya Birla Chemicals (India) Limited 
12,ABGSHIP,ABG Shipyard Limited 
13,ABIRLANUVO,Aditya Birla Nuvo Limited 
14,ACC,ACC Limited 
15,ACE,Action Construction Equipment Limited 
16,ACKRUTI,Ackruti City Limited 
17,ADANIENT,Adani Enterprises Limited 
18,ACROPETAL,Acropetal Technologies Limited 
19,ADANIPOWER,Adani Power Limited 
20,ADFFOODS,ADF Foods Limited 
21,ADHUNIK,Adhunik Metaliks Limited 
22,ADORWELD,Ador Welding Limited 
23,ADSL,Allied Digital Services Limited 
24,ADVANIHOTR,Advani Hotels & Resorts (India) Limited 
25,ADVANTA,Advanta India Limited 
26,AEGISCHEM,Aegis Logistics Limited 
27,AFL,Accel Frontline Limited 
28,AFTEK,Aftek Limited 
29,AGCNET,AGC Networks Limited 
30,AGRODUTCH,Agro Dutch Industries Limited 
31,AHLEAST,Asian Hotels (East) Limited 
32,AHLUCONT,Ahluwalia Contracts (India) Limited 
33,AHLWEST,Asian Hotels (West) Limited 
34,AHMEDFORGE,Ahmednagar Forgings Limited 
35,AIAENG,AIA Engineering Limited 
36,AICHAMP,AI Champdany Industries Limited 
37,AJANTPHARM,Ajanta Pharma Limited 
38,AJMERA,Ajmera Realty & Infra India Limited 
39,AKSHOPTFBR,Aksh Optifibre Limited 
40,AKZOINDIA,Akzo Nobel India Limited 
41,ALBK,Allahabad Bank 
42,ALCHEM,Alchemist Limited 
43,ALEMBICLTD,Alembic Limited 
44,ALFALAVAL,Alfa Laval (India) Limited 
45,ALICON,Alicon Castalloy Limited 
46,ALKALI,Alkali Metals Limited 
47,ALKYLAMINE,Alkyl Amines Chemicals Limited 
48,ALLCARGO,Allcargo Global Logistics Limited 
49,ALLSEC,Allsec Technologies Limited 
50,ALMONDZ,Almondz Global Securities Limited 
51,ALOKTEXT,Alok Industries Limited 
52,ALPHAGEO,Alphageo (India) Limited 
53,AMAR,Amar Remedies Limited 
54,AMARAJABAT,Amara Raja Batteries Limited 
55,ALPSINDUS,Alps Industries Limited 
56,AMBIKCO,Ambika Cotton Mills Limited 
57,AMBUJACEM,Ambuja Cements Limited 
58,AMDIND,AMD Industries Limited 
59,AMTEKAUTO,Amtek Auto Limited 
60,AMTEKINDIA,Amtek India Limited 
61,ANANTRAJ,Anant Raj Industries Limited 
62,ANDHRABANK,Andhra Bank 
63,ANDHRSUGAR,The Andhra Sugars Limited 
64,ANGIND,ANG Industries Limited 
65,ANIKINDS,Anik Industries Limited 
66,ANDHRACEMT,Andhra Cements Limited 
67,ANKURDRUGS,Ankur Drugs And Pharma Limited 
68,ANSALAPI,Ansal Properties & Infrastructure Limited 
69,ANSALHSG,Ansal Housing and Construction Limited 
70,ANTGRAPHIC,Antarctica Limited 
71,APARINDS,Apar Industries Limited 
72,APCOTEXIND,Apcotex Industries Limited 
73,APIL,Alstom Projects India Limited 
74,APOLLOHOSP,Apollo Hospitals Enterprise Limited 
75,APOLLOTYRE,Apollo Tyres Limited 
76,APPAPER,The Andhra Pradesh Paper Mills Limited 
77,APTECHT,Aptech Limited 
78,AQUA,Aqua Logistics Limited 
79,ARCHIDPLY,Archidply Industries Limited 
80,ARCHIES,Archies Limited 
81,AREVAT&D,Areva T&D India Limited 
82,ARIES,Aries Agro Limited 
83,ARIHANT,Arihant Foundations & Housing Limited 
84,ARL,Arvind Remedies Limited 
85,AROGRANITE,Aro Granite Industries Limited 
86,ARROWTEX,Arrow Textiles Limited 
87,ARSHIYA,Arshiya International Limited 
88,ARSSINFRA,ARSS Infrastructure Projects Limited 
89,ARVIND,Arvind Limited 
90,ASAHIINDIA,Asahi India Glass Limited 
91,ASAL,Automotive Stampings and Assemblies Limited 
92,ASHAPURMIN,Ashapura Minechem Limited 
93,ASHCONIUL,Ashco Niulab Industries Limited 
94,ASHIANA,Ashiana Housing Limited 
95,ASHIMASYN,Ashima Limited 
96,ASHOKA,Ashoka Buildcon Limited 
97,ASHOKLEY,Ashok Leyland Limited 
98,ASIANELEC,Asian Electronics Limited 
99,ASIANHOTNR,Asian Hotels (North) Limited 
100,ASIANPAINT,Asian Paints Limited
 
101,ASIANTILES,Asian Granito India Limited
 
102,ASIL,Amit Spinning Industries Limited 
103,ASSAMCO,Assam Company India Limited 
104,ASTEC,Astec LifeSciences Limited 
105,ASTERSILI,Aster Silicates Limited 
106,ASTRAL,Astral Poly Technik Limited 
107,ASTRAMICRO,Astra Microwave Products Limited 
108,ASTRAZEN,AstraZeneca Pharma India Limited 
109,ATFL,Agro Tech Foods Limited 
110,ATLANTA,Atlanta Limited 
111,ATLASCYCLE,Atlas Cycles (Haryana) Limited 
112,ATNINTER,ATN International Limited 
113,ATUL,Atul Limited 
114,AURIONPRO,Aurionpro Solutions Limited 
115,AUROPHARMA,Aurobindo Pharma Limited 
116,AUSOMENT,Ausom Enterprise Limited 
117,AUSTRAL,Austral Coke & Projects Limited 
118,AUTOAXLES,Automotive Axles Limited 
119,AUTOIND,Autoline Industries Limited 
120,AUTOLITIND,Autolite (India) Limited 
121,AVANTI,Avanti Feeds Limited 
122,AVENTIS,Aventis Pharma Limited 
123,AVTNPL,AVT Natural Products Limited 
124,AXISBANK,Axis Bank Limited 
125,AXIS-IT&T,Axis-IT&T Limited 
126,BAGFILMS,B.A.G Films and Media Limited 
127,BAJAJ-AUTO,Bajaj Auto Limited 
128,BAJAJCORP,Bajaj Corp Limited 
129,BAJAJELEC,Bajaj Electricals Limited 
130,BAJAJFINSV,Bajaj Finserv Limited 
131,BAJAJHIND,Bajaj Hindusthan Limited 
132,BAJAJHLDNG,Bajaj Holdings & Investment Limited 
133,BAJFINANCE,Bajaj Finance Limited 
134,BALAJITELE,Balaji Telefilms Limited 
135,BALAMINES,Balaji Amines Limited 
136,BALKRISIND,Balkrishna Industries Limited 
137,BALLARPUR,Ballarpur Industries Limited 
138,BALMLAWRIE,Balmer Lawrie & Company Limited 
139,BALPHARMA,Bal Pharma Limited 
140,BALRAMCHIN,Balrampur Chini Mills Limited 
141,BANARISUG,Bannari Amman Sugars Limited 
142,BANCOINDIA,Banco Products (I) Limited 
143,BANG,Bang Overseas Limited 
144,BANKBARODA,Bank of Baroda 
145,BANKINDIA,Bank of India 
146,BANSWRAS,Banswara Syntex Limited 
147,BARTRONICS,Bartronics India Limited 
148,BASF,BASF India Limited 
149,BASML,Bannari Amman Spinning Mills Limited 
150,BATAINDIA,Bata India Limited 
151,BATLIBOI,Batliboi Limited 
152,BBL,Bharat Bijlee Limited 
153,BBTC,Bombay Burmah Trading Corporation Limited 
154,BEDMUTHA,Bedmutha Industries Limited 
155,BEL,Bharat Electronics Limited 
156,BELLCERATL,Bell Ceramics Limited 
157,BEML,BEML Limited 
158,BEPL,Bhansali Engineering Polymers Limited 
159,BERGEPAINT,Berger Paints (I) Limited 
160,BFINVEST,BF Investment Limited 
161,BFUTILITIE,BF Utilities Limited 
162,BGRENERGY,BGR Energy Systems Limited 
163,BHAGWATIHO,Bhagwati Banquets and Hotels Limited 
164,BHAGYNAGAR,Bhagyanagar India Limited 
165,BHARATFORG,Bharat Forge Limited 
166,BHARATGEAR,Bharat Gears Limited 
167,BHARATRAS,Bharat Rasayan Limited 
168,BHARTIARTL,Bharti Airtel Limited 
169,BHARTISHIP,Bharati Shipyard Limited 
170,BHEL,Bharat Heavy Electricals Limited 
171,BHUSANSTL,Bhushan Steel Limited 
172,BIL,Bhartiya International Limited 
173,BILPOWER,Bilpower Limited 
174,BINANIIND,Binani Industries Limited 
175,BINDALAGRO,Oswal Chemicals & Fertilizers Limited 
176,BIOCON,Biocon Limited 
177,BIRLACORPN,Birla Corporation Limited 
178,BIRLACOT,Birla Cotsyn (India) Limited 
179,BIRLAERIC,Birla Ericsson Optical Limited 
180,BIRLAMONEY,Aditya Birla Money Limited 
181,BIRLAPOWER,Birla Power Solutions Limited 
182,BLBLIMITED,BLB Limited 
183,BLISSGVS,Bliss GVS Pharma Limited 
184,BLKASHYAP,B. L. Kashyap and Sons Limited 
185,BLUECHIP,Blue Chip India Limited 
186,BLUECOAST,Blue Coast Hotels and Resorts Limited 
187,BLUEDART,Blue Dart Express Limited 
188,BLUESTARCO,Blue Star Limited 
189,BLUESTINFO,Blue Star Infotech Limited 
190,BOC,BOC India Limited 
191,BOMDYEING,Bombay Dyeing & Mfg Company Limited 
192,BOSCHLTD,Bosch Limited 
193,BPCL,Bharat Petroleum Corporation Limited 
194,BPL,BPL Limited 
195,BRANDHOUSE,Brandhouse Retails Limited 
196,BRFL,Bombay Rayon Fashions Limited 
197,BRIGADE,Brigade Enterprises Limited 
198,BRITANNIA,Britannia Industries Limited 
199,BROADCAST,Broadcast Initiatives Limited 
200,BSELINFRA,BSEL Infrastructure Realty Limited 
201,BSL,BSL Limited 
202,BSTRANSCOM,BS TransComm Limited 
203,BURNPUR,Burnpur Cement Limited 
204,BVCL,Barak Valley Cements Limited 
205,CADILAHC,Cadila Healthcare Limited 
206,CAIRN,Cairn India Limited 
207,CALSOFT,California Software Company Limited 
208,CAMBRIDGE,Cambridge Solutions Limited 
209,CAMLIN,Camlin Limited 
210,CANBK,Canara Bank 
211,CANDC,C & C Constructions Limited 
212,CANFINHOME,Can Fin Homes Limited 
213,CANTABIL,Cantabil Retail India Limited 
214,CARBORUNIV,Carborundum Universal Limited 
215,CAROLINFO,Carol Info Services Limited 
216,CASTROL,Castrol India Limited 
217,CCCL,Consolidated Construction Consortium Limited 
218,CCL,CCL Products (India) Limited 
219,CEATLTD,CEAT Limited 
220,CEBBCO,Commercial Engineers & Body Builders Co Limited 
221,CELESTIAL,Celestial Biolabs Limited 
222,CENTENKA,Century Enka Limited 
223,CENTEXT,Century Extrusions Limited 
224,CENTRALBK,Central Bank of India 
225,CENTUM,Centum Electronics Limited 
226,CENTURYPLY,Century Plyboards (India) Limited 
227,CENTURYTEX,Century Textiles & Industries Limited 
228,CERA,Cera Sanitaryware Limited 
229,CESC,CESC Limited 
230,CHAMBLFERT,Chambal Fertilizers & Chemicals Limited 
231,CHEMFALKAL,Chemfab Alkalis Limited 
232,CHEMPLAST,Chemplast Sanmar Limited 
233,CHENNPETRO,Chennai Petroleum Corporation Limited 
234,CHESLINTEX,Cheslind Textiles Limited 
235,CHETTINAD,Chettinad Cement Corporation Limited 
236,CHOLAFIN,Cholamandalam Investment and Finance Company Limited 
237,CILNOVA,CIL Nova Petrochemicals Limited 
238,CINEMAX,Cinemax India Limited 
239,CINEVISTA,Cinevistaas Limited 
240,CIPLA,Cipla Limited 
241,CLASSIC,Classic Diamonds (India) Limited 
242,CLNINDIA,Clariant Chemicals (India) Limited 
243,CLUTCHAUTO,Clutch Auto Limited 
244,CMAHENDRA,C. Mahendra Exports Limited 
245,CMC,CMC Limited 
246,COALINDIA,Coal India Limited 
247,COLPAL,Colgate Palmolive (India) Limited 
248,CONCOR,Container Corporation of India Limited 
249,CONSOFINVT,Consolidated Finvest & Holdings Limited 
250,CORAL-HUB,Coral Hub Limited 
251,CORDSCABLE,Cords Cable Industries Limited 
252,COREPROTEC,Core Projects and Technologies Limited 
253,COROMANDEL,Coromandel International Limited 
254,CORPBANK,Corporation Bank 
255,COSMOFILMS,Cosmo Films Limited 
256,COX&KINGS,Cox & Kings Limited 
257,CPIL,Career Point Infosystems Limited 
258,CREATIVEYE,Creative Eye Limited 
259,CRESTANI,Crest Animation Studios Limited 
260,CREWBOS,Crew B.O.S. Products Limited 
261,CRISIL,CRISIL Limited 
262,CROMPGREAV,Crompton Greaves Limited 
263,CRONIMET,Cronimet Alloys India Limited 
264,CTE,Cambridge Technology Enterprises Limited 
265,CUB,City Union Bank Limited 
266,CUBEXTUB,Cubex Tubings Limited 
267,CUMMINSIND,Cummins India Limited 
268,CURATECH,Cura Technologies Limited 
269,CYBERMEDIA,Cyber Media (India) Limited 
270,CYBERTECH,Cybertech Systems And Software Limited 
271,DAAWAT,LT Foods Limited 
272,DABUR,Dabur India Limited 
273,DALMIASUG,Dalmia Bharat Sugar and Industries Limited 
274,DATAMATICS,Datamatics Global Services Limited 
275,DBCORP,D.B.Corp Limited 
276,DBREALTY,D B Realty Limited 
277,DCB,Development Credit Bank Limited 
278,DCHL,Deccan Chronicle Holdings Limited 
279,DCM,DCM Limited 
280,DCMSRMCONS,DCM Shriram Consolidated Limited 
281,DCW,DCW Limited 
282,DECCANCE,Deccan Cements Limited 
283,DECOLIGHT,Decolight Ceramics Limited 
284,DEEPAKFERT,Deepak Fertilizers and Petrochemicals Corporation Limited 
285,DEEPAKNTR,Deepak Nitrite Limited 
286,DEEPIND,Deep Industries Limited 
287,DELTACORP,Delta Corp Limited 
288,DELTAMAGNT,Delta Magnets Limited 
289,DEN,Den Networks Limited 
290,DENABANK,Dena Bank 
291,DENORA,De Nora India Limited 
292,DEWANHOUS,Dewan Housing Finance Corporation Limited 
293,DHAMPURSUG,The Dhampur Sugar Mills Limited 
294,DHANBANK,Dhanlaxmi Bank Limited 
295,DHANUKA,Dhanuka Agritech Limited 
296,DHANUS,Dhanus Technologies Limited 
297,DHARSUGAR,Dharani Sugars & Chemicals Limited 
298,DHUNINV,Dhunseri Investments Limited 
299,DIAPOWER,Diamond Power Infra Ltd 
300,DICIND,DIC India Limited 
301,DIGJAM,Digjam Limited 
302,DISHMAN,Dishman Pharmaceuticals and Chemicals 
303,DISHTV,Dish TV India Limited 
304,DIVISLAB,Divi's Laboratories Limited 
305,DLF,DLF Limited 
306,DLINKINDIA,D-Link (India) Limited 
307,DOLPHINOFF,Dolphin Offshore Enterprises (India) Limited 
308,DONEAR,Donear Industries Limited 
309,DPSCLTD,DPSC Limited 
310,DPTL,Dhunseri Petrochem & Tea Limited 
311,DQE,DQ Entertainment (International) Limited 
312,DREDGECORP,Dredging Corporation of India Limited 
313,DRREDDY,Dr. Reddy's Laboratories Limited 
314,DSKULKARNI,DS Kulkarni Developers Limited 
315,DUNCANSIND,Duncans Industries Limited 
316,DWARKESH,Dwarikesh Sugar Industries Limited 
317,DYNAMATECH,Dynamatic Technologies Limited 
318,DYNASYS,Dynacons Systems & Solutions Limited 
319,EASTSILK,Eastern Silk Industries Limited 
320,EASUNREYRL,Easun Reyrolle Limited 
321,ECEIND,ECE Industries Limited 
322,ECLERX,eClerx Services Limited 
323,EDELWEISS,Edelweiss Capital Limited 
324,EDL,Empee Distilleries Limited 
325,EDSERV,Edserv Softsystems Limited 
326,EDUCOMP,Educomp Solutions Limited 
327,EICHERMOT,Eicher Motors Limited 
328,EIDPARRY,EID Parry India Limited 
329,EIHAHOTELS,EIH Associated Hotels Limited 
330,EIHOTEL,EIH Limited 
331,EIMCOELECO,Eimco Elecon (India) Limited 
332,EKC,Everest Kanto Cylinder Limited 
333,ELDERPHARM,Elder Pharmaceuticals Limited 
334,ELECON,Elecon Engineering Company Limited 
335,ELECTCAST,Electrosteel Castings Limited 
336,ELECTHERM,Electrotherm (India) Limited 
337,ELGIEQUIP,Elgi Equipments Limited 
338,EMAMIINFRA,Emami Infrastructure Limited 
339,EMAMILTD,Emami Limited 
340,EMCO,Emco Limited 
341,EMKAY,Emkay Global Financial Services Limited 
342,EMMBI,Emmbi Polyarns Limited 
343,ENERGYDEV,Energy Development Company Limited 
344,ENGINERSIN,Engineers India Limited 
345,ENIL,Entertainment Network (India) Limited 
346,ENTEGRA,Entegra Limited 
347,ERAINFRA,Era Infra Engineering Limited 
348,EROSMEDIA,Eros International Media Limited 
349,ESABINDIA,Esab India Limited 
350,ESCORTS,Escorts Limited 
351,ESL,Electrosteel Steels Limited 
352,ESSAROIL,Essar Oil Limited 
353,ESSARPORTS,Essar Ports Limited 
354,ESSDEE,Ess Dee Aluminium Limited 
355,ESSELPACK,Essel Propack Limited 
356,ESTER,Ester Industries Limited 
357,EUROCERA,Euro Ceramics Limited 
358,EUROMULTI,Euro Multivision Limited 
359,EUROTEXIND,Eurotex Industries and Exports Limited 
360,EVEREADY,Eveready Industries India Limited 
361,EVERESTIND,Everest Industries Limited 
362,EVERONN,Everonn Education Limited 
363,EVINIX,Evinix Accessories Limited 
364,EXCELCROP,Excel Crop Care Limited 
365,EXCELINDUS,Excel Industries Limited 
366,EXCELINFO,Excel Infoways Limited 
367,EXIDEIND,Exide Industries Limited 
368,FACT,Fertilizers and Chemicals Travancore Limited 
369,FAGBEARING,FAG Bearings India Limited 
370,FAME,Fame India Limited 
371,FARMAXIND,Farmax India Limited 
372,FCH,Future Capital Holdings Limited 
373,FCSSOFT,FCS Software Solutions Limited 
374,FDC,FDC Limited 
375,FEDDERLOYD,Fedders Lloyd Corporation Limited 
376,FEDERALBNK,The Federal Bank Limited 
377,FIEMIND,Fiem Industries Limited 
378,FINANTECH,Financial Technologies (India) Limited 
379,FINCABLES,Finolex Cables Limited 
380,FINPIPE,Finolex Industries Limited 
381,FIRSTLEASE,First Leasing Company of India Limited 
382,FIRSTWIN,First Winner Industries Limited 
383,FKONCO,Fresenius Kabi Oncology Limited 
384,FMGOETZE,Federal-Mogul Goetze (India) Limited 
385,FORTIS,Fortis Healthcare (India) Limited 
386,FOSECOIND,Foseco India Limited 
387,FOURSOFT,Four Soft Limited 
388,FSL,Firstsource Solutions Limited 
389,FUTUREVENT,Future Ventures India Limited 
390,GABRIEL,Gabriel India Limited 
391,GAEL,Gujarat Ambuja Exports Limited 
392,GAIL,GAIL (India) Limited 
393,GAL,Gyscoal Alloys Limited 
394,GALLANTT,Gallantt Metal Limited 
395,GALLISPAT,Gallantt Ispat Limited 
396,GAMMNINFRA,Gammon Infrastructure Projects Limited 
397,GAMMONIND,Gammon India Limited 
398,GANDHITUBE,Gandhi Special Tubes Limited 
399,GANESHHOUC,Ganesh Housing Corporation Limited 
400,GARDENSILK,Garden Silk Mills Limited 
401,GARWALLROP,Garware Wall Ropes Limited 
402,GLOBOFFS,Global Offshore Services Limited 
403,GATI,GATI Limited 
404,GDL,Gateway Distriparks Limited 
405,GEECEE,GeeCee Ventures Limited 
406,GEINDSYS,GEI Industrial Systems Limited 
407,GEMINI,Gemini Communication Limited 
408,GENESYS,Genesys International Corporation Limited 
409,GENUSPOWER,Genus Power Infrastructures Limited 
410,GEODESIC,Geodesic Limited 
411,GEOJITBNPP,Geojit BNP Paribas Financial Services Limited 
412,GEOMETRIC,Geometric Limited 
413,GESHIP,The Great Eastern Shipping Company Limited 
414,GHCL,GHCL Limited 
415,GICHSGFIN,GIC Housing Finance Limited 
416,GILLANDERS,Gillanders Arbuthnot & Company Limited 
417,GILLETTE,Gillette India Limited 
418,GINNIFILA,Ginni Filaments Limited 
419,GIPCL,Gujarat Industries Power Company Limited 
420,GISOLUTION,GI Engineering Solutions Limited 
421,GITANJALI,Gitanjali Gems Limited 
422,GKWLIMITED,GKW Limited 
423,GLAXO,GlaxoSmithKline Pharmaceuticals Limited 
424,GLENMARK,Glenmark Pharmaceuticals Limited 
425,GLFL,Gujarat Lease Financing Limited 
426,GLOBALVECT,Global Vectra Helicorp Limited 
427,GLOBUSSPR,Globus Spirits Limited 
428,GLODYNE,Glodyne Technoserve Limited 
429,GLORY,Glory Polyfilms Limited 
430,GMBREW,GM Breweries Limited 
431,GMDCLTD,Gujarat Mineral Development Corporation Limited 
432,GMRINFRA,GMR Infrastructure Limited 
433,GNFC,Gujarat Narmada Valley Fertilizer Company Limited 
434,GOACARBON,Goa Carbon Limited 
435,GODFRYPHLP,Godfrey Phillips India Limited 
436,GODREJCP,Godrej Consumer Products Limited 
437,GODREJIND,Godrej Industries Limited 
438,GODREJPROP,Godrej Properties Limited 
439,GOENKA,Goenka Diamond and Jewels Limited 
440,GOKEX,Gokaldas Exports Limited 
441,GOKUL,Gokul Refoils and Solvent Limited 
442,GOLDENTOBC,Golden Tobacco Limited 
443,GOLDIAM,Goldiam International Limited 
444,GOLDINFRA,Goldstone Infratech Limited 
445,GOLDTECH,Goldstone Technologies Limited 
446,GPIL,Godawari Power And Ispat limited 
447,GPPL,Gujarat Pipavav Port Limited 
448,GRABALALK,Grabal Alok Impex Limited 
449,GRANULES,Granules India Limited 
450,GRAPHITE,Graphite India Limited 
451,GRASIM,Grasim Industries Limited 
452,GREAVESCOT,Greaves Cotton Limited 
453,GREENPLY,Greenply Industries Limited 
454,GREENPOWER,Orient Green Power Company Limited 
455,GRINDWELL,Grindwell Norton Limited 
456,GRUH,Gruh Finance Limited 
457,GSFC,Gujarat State Fertilizers & Chemicals Limited 
458,GSKCONS,GlaxoSmithKline Consumer Healthcare Limited 
459,GSLNOVA,GSL Nova Petrochemicals Limited 
460,GSPL,Gujarat State Petronet Limited 
461,GSSAMERICA,GSS America Infotech Limited 
462,GTL,GTL Limited 
463,GTLINFRA,GTL Infrastructure Limited 
464,GTNIND,GTN Industries Limited 
465,GTOFFSHORE,Great Offshore Limited 
466,GUFICBIO,Gufic Biosciences Limited 
467,GUJALKALI,Gujarat Alkalies and Chemicals Limited 
468,GUJAPOLLO,Gujarat Apollo Industries Limited 
469,GUJFLUORO,Gujarat Fluorochemicals Limited 
470,GUJNRECOKE,Gujarat NRE Coke Limited 
471,
GUJRATGAS
Gujarat Gas Company Limited 
472,
GUJSIDHCEM
Gujarat Sidhee Cements Limited 
473,GUJSTATFIN,Gujarat State Financial Corporation 
474,
GULFOILCOR
Gulf Oil Corporation Limited 
475,
GVKPIL
GVK Power & Infrastructure Limited 
476,HALONIX,Halonix Limited 
477,HANUNG,Hanung Toys and Textiles Limited 
478,HARITASEAT,Harita Seating Systems Limited 
479,HARRMALAYA,Harrisons Malayalam Limited 
480,HATHWAY,Hathway Cable & Datacom Limited 
481,HAVELLS,Havells India Limited 
482,HBLPOWER,HBL Power Systems Limited 
483,HBSTOCK,HB Stockholdings Limited 
484,HCC,Hindustan Construction Company Limited 
485,HCIL,Himadri Chemicals and Industries Limited 
486,HCL-INSYS,HCL Infosystems Limited 
487,HCLTECH,HCL Technologies Limited 
488,HDFC,Housing Development Finance Corporation Limited 
489,HDFCBANK,HDFC Bank Limited 
490,HDIL,Housing Development and Infrastructure Limited 
491,HEG,HEG Limited 
492,HEIDELBERG,HeidelbergCement India Limited 
493,HELIOSMATH,Helios And Matheson Information Technology Limited 
494,HERCULES,Hercules Hoists Limited 
495,HERITGFOOD,Heritage Foods (India) Limited 
496,HEROHONDA,Hero Honda Motors Limited 
497,HEXAWARE,Hexaware Technologies Limited 
498,HFCL,Himachal Futuristic Communications Limited 
499,HGSL,Hinduja Global Solutions Limited 
500,HIKAL,Hikal Limited 
501,HILTON,Hilton Metal Forging Limited 
502,HIMATSEIDE,Himatsingka Seide Limited 
503,HINDALCO,Hindalco Industries Limited 
504,HINDCOMPOS,Hindustan Composites Limited 
505,HINDCOPPER,Hindustan Copper Limited 
506,HINDDORROL,Hindustan Dorr-Oliver Limited 
507,HINDMOTORS,Hindustan Motors Limited 
508,HINDNATGLS,Hindusthan National Glass & Industries Limited 
509,HINDOILEXP,Hindustan Oil Exploration Company Limited 
510,HINDPETRO,Hindustan Petroleum Corporation Limited 
511,HINDSYNTEX,Hind Syntex Limited 
512,HINDUJAFO,Hinduja Foundries Limited 
513,HINDUJAVEN,Hinduja Ventures Limited 
514,HINDUNILVR,Hindustan Unilever Limited 
515,HINDZINC,Hindustan Zinc Limited 
516,HIRECT,Hind Rectifiers Limited 
517,HITACHIHOM,Hitachi Home and Life Solutions (India) Limited 
518,HITECHGEAR,Hi-Tech Gears Limited 
519,HITECHPLAS,Hitech Plast Limited 
520,HMT,HMT Limited 
521,HMVL,Hindustan Media Ventures Limited 
522,HOCL,Hindustan Organic Chemicals Limited 
523,HONAUT,Honeywell Automation India Limited 
524,HONDAPOWER,Honda Siel Power Products Limited 
525,HOPFL,House of Pearl Fashions Limited 
526,HORIZONINF,Horizon Infrastructure Limited 
527,HOTELEELA,Hotel Leela Venture Limited 
528,HOTELRUGBY,Hotel Rugby Limited 
529,HOVS,HOV Services Limited 
530,HSIL,HSIL Limited 
531,HTMEDIA,HT Media Limited 
532,HYDRBADIND,Hyderabad Industries Limited 
533,IBN18,ibn18 Broadcast Limited 
534,IBPOW,Indiabulls Power Limited 
535,IBREALEST,Indiabulls Real Estate Limited 
536,IBSEC,Indiabulls Securities Limited 
537,ICICIBANK,ICICI Bank Limited 
538,ICIL,Indo Count Industries Limited 
539,ICRA,ICRA Limited 
540,ICSA,ICSA (India) Limited 
541,IDBI,IDBI Bank Limited 
542,IDEA,Idea Cellular Limited 
543,IDFC,Infrastructure Development Finance Company Limited 
544,IFBAGRO,IFB Agro Industries Limited 
545,IFBIND,IFB Industries Limited 
546,IFCI,IFCI Limited 
547,IFGLREFRAC,IFGL Refractories Limited 
548,IGARASHI,Igarashi Motors India Limited 
549,IGL,Indraprastha Gas Limited 
550,IGPL,IG Petrochemicals Limited 
551,IITL,Industrial Investment Trust Limited 
552,IL&FSENGG,IL&FS Engineering and Construction Company Limited 
553,IL&FSTRANS,IL&FS Transportation Networks Limited 
554,IMFA,Indian Metals & Ferro Alloys Limited 
555,IMPAL,India Motor Parts and Accessories Limited 
556,IMPEXFERRO,Impex Ferro Tech Limited 
557,INDBANK,Indbank Merchant Banking Services Limited 
558,INDHOTEL,The Indian Hotels Company Limited 
559,INDIABULLS,Indiabulls Financial Services Limited 
560,INDIACEM,The India Cements Limited 
561,INDIAGLYCO,India Glycols Limited 
562,INDIAINFO,India Infoline Limited 
563,INDIANB,Indian Bank 
564,INDIANCARD,Indian Card Clothing Company Limited 
565,INDIANHUME,Indian Hume Pipe Company Limited 
566,INDLMETER,IMP Powers Limited 
567,INDNIPPON,India Nippon Electricals Limited 
568,INDOASIFU,Indo Asian Fusegear Limited 
569,INDOCO,Indoco Remedies Limited 
570,INDORAMA,Indo Rama Synthetics (India) Limited 
571,INDOSOLAR,Indosolar Limited 
572,INDOTECH,Indo Tech Transformers Limited 
573,INDOWIND,Indowind Energy Limited 
574,INDRAMEDCO,Indraprastha Medical Corporation Limited 
575,INDSWFTLAB,Ind-Swift Laboratories Limited 
576,INDSWFTLTD,Ind-Swift Limited 
577,INDUSFILA,Indus Fila Limited 
578,INDUSINDBK,IndusInd Bank Limited 
579,INEABS,INEOS ABS (India) Limited 
580,INFINITE,Infinite Computer Solutions (India) Limited 
581,INFOMEDIA,Infomedia 18 Limited 
582,INFY,Infosys Limited 
583,INFOTECENT,Infotech Enterprises Limited 
584,INGERRAND,Ingersoll Rand (India) Limited 
585,INGVYSYABK,ING Vysya Bank Limited 
586,INNOIND,Innoventive Industries Limited 
587,INOXLEISUR,INOX Leisure Limited 
588,INSECTICID,Insecticides (India) Limited 
589,IOB,Indian Overseas Bank 
590,IOC,Indian Oil Corporation Limited 
591,IOLCP,IOL Chemicals and Pharmaceuticals Limited 
592,IOLN,IOL Netcom Limited 
593,IPCALAB,IPCA Laboratories Limited 
594,IRB,IRB Infrastructure Developers Limited 
595,ISFT,Intrasoft Technologies Limited 
596,ISMTLTD,ISMT Limited 
597,ISPATIND,Ispat Industries Limited 
598,ITC,ITC Limited 
599,ITDCEM,ITD Cementation India Limited 
600,ITI,ITI Limited 
601,IVC,IL&FS Investment Managers Limited 
602,IVP,IVP Limited 
603,IVRCLAH,IVRCL Assets & Holdings Limited 
604,IVRCLINFRA,IVRCL Limited 
605,J&KBANK,The Jammu & Kashmir Bank Limited 
606,JAGRAN,Jagran Prakashan Limited 
607,JAGSNPHARM,Jagsonpal Pharmaceuticals Limited 
608,JAIBALAJI,Jai Balaji Industries Limited 
609,JAICORPLTD,Jai Corp Limited 
610,JAINSTUDIO,Jain Studios Limited 
611,JAMNAAUTO,Jamna Auto Industries Limited 
612,JAYAGROGN,Jayant Agro Organics Limited 
613,JAYBARMARU,Jay Bharat Maruti Limited 
614,JAYNECOIND,Jayaswal Neco Industries Limited 
615,JAYSREETEA,Jayshree Tea & Industries Limited 
616,JBCHEPHARM,JB Chemicals & Pharmaceuticals Limited 
617,JBFIND,JBF Industries Limited 
618,JBMA,JBM Auto Limited 
619,JCTEL,JCT Electronics Limited 
620,JENSONICOL,Jenson & Nicholson (India) Limited 
621,JETAIRWAYS,Jet Airways (India) Limited 
622,JEYPORE,The Jeypore Sugar Company Limited 
623,JHS,JHS Svendgaard Laboratories Limited 
624,JIKIND,JIK Industries Limited 
625,JINDALPHOT,Jindal Photo Limited 
626,JINDALPOLY,Jindal Poly Films Limited 
627,JINDALSAW,Jindal Saw Limited 
628,JINDALSTEL,Jindal Steel & Power Limited 
629,JINDALSWHL,Jindal South West Holdings Limited 
630,JINDCOT,Jindal Cotex Limited 
631,JINDRILL,Jindal Drilling And Industries Limited 
632,JINDWORLD,Jindal Worldwide Limited 
633,JISLJALEQS,Jain Irrigation Systems Limited 
634,JKCEMENT,JK Cement Limited 
635,JKIL,J.Kumar Infraprojects Limited 
636,JKLAKSHMI,JK Lakshmi Cement Limited 
637,JKPAPER,JK Paper Limited 
638,JKTYRE,JK Tyre & Industries Limited 
639,JMCPROJECT,JMC Projects (India) Limited 
640,JMFINANCIL,JM Financial Limited 
641,JMTAUTOLTD,JMT Auto Limited 
642,JOCIL,Jocil Limited 
643,JPASSOCIAT,Jaiprakash Associates Limited 
644,JPINFRATEC,Jaypee Infratech Limited 
645,JPPOWER,Jaiprakash Power Ventures Limited 
646,JSL,JSL Stainless Limited 
647,JSWENERGY,JSW Energy Limited 
648,JSWSTEEL,JSW Steel Limited 
649,JUBILANT,Jubilant Life Sciences Limited 
650,JUBLFOOD,Jubilant Foodworks Limited 
651,JUBLINDS,Jubilant Industries Limited 
652,JVLAGRO,JVL Agro Industries Limited 
653,JYOTHYLAB,Jyothy Laboratories Limited 
654,JYOTISTRUC,Jyoti Structures Limited 
655,KABRAEXTRU,Kabra Extrusion Technik Limited 
656,KAJARIACER,Kajaria Ceramics Limited 
657,KAKATCEM,Kakatiya Cement Sugar & Industries Limited 
658,KALECONSUL,Kale Consultants Limited 
659,KALINDEE,Kalindee Rail Nirman (Engineers) Limited 
660,KALPATPOWR,Kalpataru Power Transmission Limited 
661,KALYANIFRG,Kalyani Forge Limited 
662,KAMATHOTEL,Kamat Hotels (I) Limited 
663,KANDAGIRI,Kandagiri Spinning Mills Limited. 
664,KANORICHEM,Kanoria Chemicals & Industries Limited 
665,KANSAINER,Kansai Nerolac Paints Limited 
666,KARURVYSYA,Karur Vysya Bank Limited 
667,KAUSHALYA,Kaushalya Infrastructure Development Corporation Limited 
668,KAVVERITEL,Kavveri Telecom Products Limited 
669,KBIL,Kirloskar Brothers Investments Limited 
670,KCP,KCP Limited 
671,KCPSUGIND,KCP Sugar and Industries Corporation Limited 
672,KEC,KEC International Limited 
673,KECL,Kirloskar Electric Company Limited 
674,KEI,KEI Industries Limited 
675,KEMROCK,Kemrock Industries and Exports Limited 
676,KERNEX,Kernex Microsystems (India) Limited 
677,KESARENT,Kesar Enterprises Limited 
678,KESORAMIND,Kesoram Industries Limited 
679,KEYCORPSER,Keynote Corporate Services Limited 
680,KFA,Kingfisher Airlines Limited 
681,KGL,Karuturi Global Limited 
682,KHAITANELE,Khaitan Electricals Limited 
683,KHAITANLTD,Khaitan (India) Limited 
684,KHANDSE,Khandwala Securities Limited 
685,KICL,Kalyani Investment Company Limited 
686,KIL,Kamdhenu Ispat Limited 
687,KILITCH,Kilitch Drugs (India) Limited 
688,KINETICMOT,Kinetic Motor Company Limited 
689,KIRIINDUS,Kiri Industries Limited 
690,KIRLOSBROS,Kirloskar Brothers Limited 
691,KIRLOSENG,Kirloskar Oil Engines Limited 
692,KIRLOSIND,Kirloskar Industries Limited 
693,KITPLYIND,Kitply Industries Limited 
694,KKCL,Kewal Kiran Clothing Limited 
695,KLGSYSTEL,KLG Systel Limited 
696,KMSUGAR,K.M.Sugar Mills Limited 
697,KNRCON,KNR Constructions Limited 
698,KOHINOOR,Kohinoor Foods Limited 
699,KOLTEPATIL,Kolte - Patil Developers Limited 
700,KOPDRUGS,KDL Biotech Limited 
701,KOPRAN,Kopran Limited 
702,KOTAKBANK,Kotak Mahindra Bank Limited 
703,KOTARISUG,Kothari Sugars And Chemicals Limited 
704,KOTHARIPET,Kothari Petrochemicals Limited 
705,KOTHARIPRO,Kothari Products Limited 
706,KOUTONS,Koutons Retail India Limited 
707,KPIT,KPIT Cummins Infosystems Limited 
708,KPRMILL,K.P.R. Mill Limited 
709,KRBL,KRBL Limited 
710,KRISHNAENG,Krishna Engineering Works Limited 
711,KSBPUMPS,KSB Pumps Limited 
712,KSCL,Kaveri Seed Company Limited 
713,KSERASERA,K Sera Sera Limited 
714,KSK,KSK Energy Ventures Limited 
715,KSL,Kalyani Steels Limited 
716,KSOILS,K S Oils Limited 
717,KTIL,Kesar Terminals & Infrastructure Limited 
718,KTKBANK,The Karnataka Bank Limited 
719,LAKPRE,Lakshmi Precision Screws Limited 
720,LAKSHMIEFL,Lakshmi Energy and Foods Limited 
721,LAKSHVILAS,Lakshmi Vilas Bank Limited 
722,LANCOIN,Lanco Industries Limited 
723,LAOPALA,La Opala RG Limited 
724,LAXMIMACH,Lakshmi Machine Works Limited 
725,LGBBROSLTD,LG Balakrishnan & Bros Limited 
726,LGBFORGE,LGB Forge Limited 
727,LIBERTSHOE,Liberty Shoes Limited 
728,LICHSGFIN,LIC Housing Finance Limited 
729,LITL,Lanco Infratech Limited 
730,LLOYDELENG,Lloyd Electric & Engineering Limited 
731,LLOYDFIN,Lloyds Finance Limited 
732,LLOYDSTEEL,Lloyds Steel Industries Limited 
733,LML,LML Limited 
734,LOGIXMICRO,Logix Microsystems Limited 
735,LOKESHMACH,Lokesh Machines Limited 
736,LOTUSEYE,Lotus Eye Care Hospital Limited 
737,LOVABLE,Lovable Lingerie Limited 
738,LPDC,Landmark Property Development Company Limited 
739,LT,Larsen & Toubro Limited 
740,LUMAXAUTO,Lumax Automotive Systems Limited 
741,LUMAXIND,Lumax Industries Limited 
742,LUMAXTECH,Lumax Auto Technologies Limited 
743,LUPIN,Lupin Limited 
744,LYKALABS,Lyka Labs Limited
671,M&M,Mahindra & Mahindra Limited 
672,M&MFIN,Mahindra & Mahindra Financial Services Limited 
673,MADHUCON,Madhucon Projects Limited 
674,MADRASCEM,Madras Cements Limited 
675,MADRASFERT,Madras Fertilizers Limited 
676,MAGMA,Magma Fincorp Limited 
677,MAHABANK,Bank of Maharashtra 
678,MAHINDFORG,Mahindra Forgings Limited 
679,MAHINDUGIN,Mahindra Ugine Steel Company Limited 
680,MAHLIFE,Mahindra Lifespace Developers Limited 
681,MAHSCOOTER,Maharashtra Scooters Limited 
682,MAHSEAMLES,Maharashtra Seamless Limited 
683,MALWACOTT,Malwa Cotton Spg. Mills Limited 
684,MANAKSIA,Manaksia Limited 
685,MANALIPETC,Manali Petrochemical Limited 
686,MANDHANA,Mandhana Industries Limited 
687,MANGCHEFER,Mangalore Chemicals & Fertilizers Limited 
688,MANGLMCEM,Mangalam Cement Limited 
689,MANINDS,Man Industries (India) Limited 
690,MANINFRA,Man Infraconstruction Limited 
691,MANUGRAPH,Manugraph India Limited 
692,MARALOVER,Maral Overseas Limited 
693,MARICO,Marico Limited 
694,MARKSANS,Marksans Pharma Limited 
695,MARUTI,Maruti Suzuki India Limited 
696,MASTEK,Mastek Limited 
697,MAWANASUG,Mawana Sugars Limited 
698,MAX,Max India Limited 
699,MAXWELL,Maxwell Industries Limited 
700,MBECL,Mcnally Bharat Engineering Company Limited 
701,MBLINFRA,MBL Infrastructures Limited 
702,MCDHOLDING,McDowell Holdings Limited 
703,MCDOWELL-N,United Spirits Limited 
704,MCLEODRUSS,Mcleod Russel India Limited 
705,MEGASOFT,Megasoft Limited 
706,MEGH,Meghmani Organics Limited 
707,MERCK,Merck Limited 
708,MHRIL,Mahindra Holidays & Resorts India Limited 
709,MIC,MIC Electronics Limited 
710,MICROSEC,Microsec Financial Services Limited 
711,MICROTECH,Micro Technologies (India) Limited 
712,MINDAIND,Minda Industries Limited 
713,MINDTREE,MindTree Limited 
714,MIRCELECTR,MIRC Electronics Limited 
715,MIRZAINT,Mirza International Limited 
716,MLL,Mercator Lines Limited 
717,MMFL,MM Forgings Limited 
718,MMFSL,Money Matters Financial Services Limited 
719,MONNETISPA,Monnet Ispat Limited 
720,MONSANTO,Monsanto India Limited 
721,MORARJETEX,Morarjee Textiles Limited 
722,MOREPENLAB,Morepen Laboratories Limited 
723,MOSERBAER,Moser-Baer (I) Limited 
724,MOTHERSUMI,Motherson Sumi Systems Limited 
725,MOTILALOFS,Motilal Oswal Financial Services Limited 
726,MOTOGENFIN,The Motor & General Finance Limited 
727,MPHASIS,MphasiS Limited 
728,MPSLTD,MPS Limited 
729,MRF,MRF Limited 
730,MRO-TEK,MRO-TEK Limited 
731,MRPL,Mangalore Refinery and Petrochemicals Limited 
732,MSPL,MSP Steel & Power Limited 
733,MTNL,Mahanagar Telephone Nigam Limited 
734,MUDRA,Mudra Lifestyle Limited 
735,MUKANDENGG,Mukand Engineers Limited 
736,MUKANDLTD,Mukand Limited 
737,MUKTAARTS,Mukta Arts Limited 
738,MUNDRAPORT,Mundra Port and Special Economic Zone Limited 
739,MUNJALAU,Munjal Auto Industries Limited 
740,MUNJALSHOW,Munjal Showa Limited 
741,MURLIIND,Murli Industries Limited 
742,MURUDCERA,Murudeshwar Ceramics Limited 
743,MVL,MVL Limited 
744,MVLIND,MVL Industries Limited 
745,MYSOREBANK,State Bank of Mysore 
746,NAGARFERT, 
juna Fertilizer & Chemicals Limited

,,,, 
747,NAGREEKCAP,Nagreeka Capital & Infrastructure Limited 
748,NAGREEKEXP,Nagreeka Exports Limited 
749,NAHARCAP,Nahar Capital and Financial Services Limited 
750,NAHARINDUS,Nahar Industrial Enterprises Limited 
751,NAHARPOLY,Nahar Poly Films Limited 
752,NAHARSPING,Nahar Spinning Mills Limited 
753,NANDAN,Nandan Exim Limited 
754,NATCOPHARM,Natco Pharma Limited 
755,NATIONALUM,National Aluminium Company Limited 
756,NATNLSTEEL,National Steel And Agro Industries Limited 
757,NAUKRI,Info Edge (India) Limited 
758,NAVINFLUOR,Navin Fluorine International Limited
759,NAVNETPUBL,Navneet Publications India Limited 
760,NBVENTURES,Nava Bharat Ventures Limited 
761,NCC,NCC Limited 
762,NCLIND,NCL Industries Limited 
763,NDTV,New Delhi Television Limited 
764,NECLIFE, Nectar Lifesciences Limited 
765,NELCAST,Nelcast Limited 
766,NELCO,NELCO Limited 
767,NEPCMICON,NEPC India Limited 
768,NESCO,Nesco Limited 
769,NETWORK18,Network18 Media & Investments Limited 
770,NEULANDLAB,Neuland Laboratories Limited 
771,NEXTMEDIA,Next Mediaworks Limited 
772,NEYVELILIG,Neyveli Lignite Corporation Limited 
773,NFL,National Fertilizers Limited 
774,NHPC,NHPC Limited 
775,NICCO,Nicco Corporation Limited 
776,NIITLTD,NIIT Limited 
777,NIITTECH,NIIT Technologies Limited 
778,NILKAMAL,Nilkamal Limited 
779,NIPPOBATRY,Nippo Batteries Company Limited 
780,NIRMA,Nirma Limited 
781,NISSAN,Nissan Copper Limited 
782,NITCO,Nitco Limited 
783,NITESHEST,Nitesh Estates Limited 
784,NITINFIRE,Nitin Fire Protection Industries Limited 
785,NITINSPIN,Nitin Spinners Limited 
786,NMDC,NMDC Limited 
787,NOCIL,NOCIL Limited 
788,NOIDATOLL,Noida Toll Bridge Company Limited 
789,NORTHGATE,Northgate Technologies Limited 
790,NRBBEARING,NRB Bearing Limited 
791,NSIL,Nalwa Sons Investments Limited 
792,NTPC,NTPC Limited 
793,NUCLEUS,Nucleus Software Exports Limited 
794,NUMERICPW,Numeric Power Systems Limited 
795,NUTEK,Nu Tek India Limited 
796,OBEROIRLTY,Oberoi Realty Limited 
797,OCL,OCL India Limited 
798,OFSS,Oracle Financial Services Software Limited 
799,OIL,Oil India Limited 
800,OILCOUNTUB,Oil Country Tubular Limited 
801,OISL,OCL Iron and Steel Limited 
802,OMAXAUTO,Omax Autos Limited 
803,OMAXE,Omaxe Limited 
804,OMNITECH,Omnitech Infosolutions Limited 
805,ONGC,Oil & Natural Gas Corporation Limited 
806,ONMOBILE,OnMobile Global Limited 
807,ONWARDTEC,Onward Technologies Limited 
808,OPTOCIRCUI,Opto Circuits (India) Limited 
809,ORBITCORP,Orbit Corporation Limited 
810,ORCHIDCHEM,Orchid Chemicals & Pharmaceuticals Limited 
811,ORIENTABRA,Orient Abrasives Limited 
812,ORIENTBANK,Oriental Bank of Commerce 
813,ORIENTCERA,Orient Ceramics and Industries Limited 
814,ORIENTHOT,Oriental Hotels Limited 
815,ORIENTLTD,Orient Press Limited 
816,ORIENTPPR,Orient Paper & Industries Limited 
817,ORISSAMINE,The Orissa Minerals Development Company Limited 
818,OUDHSUG,The Oudh Sugar Mills Limited 
819,PAEL,PAE Limited 
820,PAGEIND,Page Industries Limited 
821,PANACEABIO,Panacea Biotec Limited 
822,PANORAMUNI,Panoramic Universal Limited 
823,PANTALOONR,Pantaloon Retail (India) Limited 
824,PAPERPROD,The Paper Products Limited 
825,PARABDRUGS,Parabolic Drugs Limited 
826,PARACABLES,Paramount Communications Limited 
827,PARAL,Parekh Aluminex Limited 
828,PARRYSUGAR,Parrys Sugar Industries Limited 
829,PARSVNATH,Parsvnath Developers Limited 
830,PATELENG,Patel Engineering Limited 
831,PATINTLOG,Patel Integrated Logistics Limited 
832,PATNI,Patni Computer Systems Limited 
833,PATSPINLTD,Patspin India Limited 
834,PBAINFRA,PBA Infrastructure Limited 
835,PDPL,Parenteral Drugs (India) Limited 
836,PDUMJEIND,Pudumjee Industries Limited 
837,PDUMJEPULP,Pudumjee Pulp & Paper Mills Limited 
838,PENINLAND,Peninsula Land Limited 
839,PERSISTENT,Persistent Systems Limited 
840,PETRONENGG,Petron Engineering Construction Limited 
841,PETRONET,Petronet LNG Limited 
842,PFC,Power Finance Corporation Limited 
843,PFIZER,Pfizer Limited 
844,PFOCUS,Prime Focus Limited 
845,PGHH,Procter & Gamble Hygiene and Health Care Limited 
846,PHILIPCARB,Phillips Carbon Black Limited 
847,PHOENIXLTD,The Phoenix Mills Limited 
848,PIDILITIND,Pidilite Industries Limited 
849,PIONDIST,Pioneer Distilleries Limited 
850,PIPAVAVYD,Pipavav Shipyard Limited 
851,PIRGLASS,Piramal Glass Limited 
852,PIRHEALTH,Piramal Healthcare Limited 
853,PIRLIFE,Piramal Life Sciences Limited 
854,PITTILAM,Pitti Laminations Limited 
855,PLASTIBLEN,Plastiblends India Limited 
856,PLETHICO,Plethico Pharmaceuticals Limited 
857,PNB,Punjab National Bank 
858,PNBGILTS,PNB Gilts Limited 
859,POCHIRAJU,Pochiraju Industries Limited 
860,POLARIS,Polaris Software Lab Limited 
861,POLYPLEX,Polyplex Corporation Limited 
862,PONNIERODE,Ponni Sugars (Erode) Limited 
863,POWERGRID,Power Grid Corporation of India Limited 
864,PPAP,Precision Pipes And Profiles Company Limited 
865,PRADIP,Pradip Overseas Limited 
866,PRAENG,Prajay Engineers Syndicate Limited 
867,PRAJIND,Praj Industries Limited 
868,PRAKASH,Prakash Industries Limited 
869,PRAKASHSTL,Prakash Steelage Limited 
870,PRATIBHA,Pratibha Industries Limited 
871,PRECOT,Precot Meridian Limited 
872,PRECWIRE,Precision Wires India Limited 
873,PREMIER,Premier Limited 
874,PRESTIGE,Prestige Estates Projects Limited 
875,PRICOL,Pricol Limited 
876,PRIMESECU,Prime Securities Limited 
877,PRISMCEM,Prism Cement Limited 
878,PRITHVI,Prithvi Information Solutions Limited 
879,PROVOGUE,Provogue (India) Limited 
880,PSL,PSL Limited 
881,PTC,PTC India Limited 
882,PTL,PTL Enterprises Limited 
883,PUNJABCHEM,Punjab Chemicals & Crop Protection Limited 
884,PUNJLLOYD,Punj Lloyd Limited 
885,PURVA,Puravankara Projects Limited 
886,PVP,PVP Ventures Limited 
887,PVR,PVR Limited 
888,QUINTEGRA,Quintegra Solutions Limited 
889,RADICO,Radico Khaitan Limited 
890,RAINBOWPAP,Rainbow Papers Limited 
891,RAINCOM,Rain Commodities Limited 
892,RAJESHEXPO,Rajesh Exports Limited 
893,RAJOIL,Raj Oil Mills Limited 
894,RAJSREESUG,Rajshree Sugars & Chemicals Limited 
895,RAJTV,Raj Television Network Limited 
896,RAJVIR,Rajvir Industries Limited 
897,RALLIS,Rallis India Limited 
898,RAMANEWS,Rama Newsprint and Papers Limited 
899,RAMCOIND,Ramco Industries Limited 
900,RAMCOSYS,Ramco Systems Limited 
901,RAMKY,Ramky Infrastructure Limited 
902,RAMSARUP,Ramsarup Industries Limited 
903,RANASUG,Rana Sugars Limited 
904,RANBAXY,Ranbaxy Laboratories Limited 
905,RANEENGINE,Rane Engine Valve Limited 
906,RANEHOLDIN,Rane Holdings Limited 
907,RATNAMANI,Ratnamani Metals & Tubes Limited 
908,RAYMOND,Raymond Limited 
909,RBL,Rane Brake Lining Limited 
910,RBN,Reliance Broadcast Network Limited 
911,RCF,Rashtriya Chemicals and Fertilizers Limited 
912,RCOM,Reliance Communications Limited 
913,RECLTD,Rural Electrification Corporation Limited 
914,REDINGTON,Redington (India) Limited 
915,REFEX,Refex Refrigerants Limited 
916,REIAGROLTD,Rei Agro Limited 
917,REISIXTEN,REI Six Ten Retail Limited 
918,RELCAPITAL, Reliance Capital Limited 
919,RELIANCE,Reliance Industries Limited 
920,RELIGARE,Religare Enterprises Limited 
921,RELINFRA,Reliance Infrastructure Limited 
922,RELMEDIA,Reliance MediaWorks Limited 
923,RENUKA, Shree Renuka Sugars Limited 
924,REPRO,Repro India Limited 
925,RESPONIND,Responsive Industries Limited 
926,RESURGERE,Resurgere Mines & Minerals India Limited 
927,REVATHI,Revathi Equipment Limited 
928,RICOAUTO,Rico Auto Industries Limited 
929,RIIL,Reliance Industrial Infrastructure Limited 
930,RJL,Renaissance Jewellery Limited 
931,RKFORGE,Ramkrishna Forgings Limited 
932,RMCL,Radha Madhav Corporation Limited 
933,RML,Rane (Madras) Limited 
934,ROHITFERRO,Rohit Ferro-Tech Limited 
935,ROHLTD,Royal Orchid Hotels Limited 
936,ROLTA,Rolta India Limited 
937,ROMAN,Roman Tarmat Limited 
938,RPGLIFE,RPG Life Sciences Limited 
939,RPOWER,Reliance Power Limited 
940,RSSOFTWARE,R. S. Software (India) Limited 
941,RSWM,RSWM Limited 
942,RSYSTEMS,R Systems International Limited 
943,RUBYMILLS,The Ruby Mills Limited 
944,RUCHIRA,Ruchira Papers Limited 
945,RUCHISOYA,Ruchi Soya Industries Limited 
946,RUCHINFRA,Ruchi Infrastructure Limited 
947,SABERORGAN,Sabero Organics Gujarat Limited 
948,SABTN,Sri Adhikari Brothers Television Network Limited 
949,SADBHAV,Sadbhav Engineering Limited 
950,SAGCEM,Sagar Cements Limited 
951,SAHPETRO,Sah Petroleums Limited 
952,SAIL,Steel Authority of India Limited 
953,SAKHTISUG,Sakthi Sugars Limited 
954,SAKSOFT,Saksoft Limited 
955,SALORAINTL,Salora International Limited 
956,SALSTEEL,S.A.L. Steel Limited 
957,SAMBHAAV,Sambhaav Media Limited 
958,SAMTEL,Samtel Color Limited 
959,SANDESH,The Sandesh Limited 
960,SANGAMIND,Sangam (India) Limited 
961,SANGHIIND,Sanghi Industries Limited 
962,SANGHVIMOV,Sanghvi Movers Limited 
963,SANWARIA,Sanwaria Agro Oils Limited 
964,SARDAEN,Sarda Energy & Minerals Limited 
965,SAREGAMA,Saregama India Limited 
966,SARLAPOLY,Sarla Performance Fibers Limited 
967,SASKEN,Sasken Communication Technologies Limited 
968,SATHAISPAT,Sathavahana Ispat Limited 
969,SATYAMCOMP,Satyam Computer Services Limited 
970,SAVERA,Savera Industries Limited 
971,SBBJ,State Bank of Bikaner and Jaipur 
972,SBIN,State Bank of India 
973,SBT,State Bank of Travancore 
974,SCI,Shipping Corporation Of India Limited 
975,SEAMECLTD,Seamec Limited 
976,SEINVEST,S.E. Investments Limited 
977,SELAN,Selan Exploration Technology Limited 
978,SELMCL,SEL Manufacturing Company Limited 
979,SESAGOA,Sesa Goa Limited 
980,SESHAPAPER,Seshasayee Paper and Boards Limi 
981,SEZALGLASS,Sezal Glass Limited 
982,SGJHL,Shree Ganesh Jewellery House Limited 
983,SHALPAINTS,Shalimar Paints Limited 
984,SHANTIGEAR,Shanthi Gears Limited 
985,SHARRESLTD,Sharyans Resources Limited 
986,SHASUNPHAR,Shasun Pharmaceuticals Limited 
987,SHILPAMED,Shilpa Medicare Limited 
988,SHIVAMAUTO,Shivam Autotech Limited 
989,SHIVTEX,Shiva Texyarn Limited 
990,SHIV-VANI,Shiv-Vani Oil & Gas Exploration Services Limited 
991,SHLAKSHMI,Shri Lakshmi Cotsyn Limited 
992,SHOPERSTOP,Shoppers Stop Limited 
993,SHPRE,Shree Precoated Steels Limited 
994,SHREEASHTA,Shree Ashtavinayak Cine Vision Limited 
995,SHREECEM,Shree Cements Limited 
996,SHRENUJ,Shrenuj & Company Limited 
997,SHREYANIND,Shreyans Industries Limited 
998,SHREYAS,Shreyas Shipping & Logistics Limited 
999,SHRIRAMCIT,Shriram City Union Finance Limited 
1000,SHRIRAMEPC,Shriram EPC Limited 
1001,SHYAMTEL,Shyam Telecom Limited 
1002,SICAGEN,Sicagen India Limited 
1003,SICAL,Sical Logistics Limited 
1004,SIEMENS,Siemens Limited 
1005,SIL,Standard Industries Limited 
1006,SILINV,SIL Investments Limited 
1007,SIMBHSUGAR,Simbhaoli Sugars Limited 
1008,SIMPLEX,Simplex Projects Limited 
1009,SIMPLEXINF,Simplex Infrastructures Limited 
1010,SINTEX,Sintex Industries Limited 
1011,SIRPAPER,The Sirpur Paper Mills Limited 
1012,SIYSIL,Siyaram Silk Mills Limited 
1013,SJVN,SJVN Limited 
1014,SKFINDIA,SKF India Limited 
1015,SKSMICRO,SKS Microfinance Limited 
1016,SKUMARSYNF,S. Kumars Nationwide Limited 
1017,SMARTLINK,Smartlink Network Systems Limited 
1018,SMLISUZU,SML Isuzu Limited 
1019,SMPL,Sujana Metal Products Limited 
1020,SMSPHARMA,SMS Pharmaceuticals Limited 
1021,SOBHA,Sobha Developers Limited 
1022,SOLARINDS,Solar Industries India Limited 
1023,SOMANYCERA,Somany Ceramics Limited 
1024,SOMATEX,Soma Textiles & Industries Limited 
1025,SONASTEER,Sona Koyo Steering Systems Limited 
1026,SONATSOFTW,Sonata Software Limited 
1027,SOTL,Savita Oil Technologies Limited 
1028,SOUTHBANK,The South Indian Bank Limited 
1029,SPARC,Sun Pharma Advanced Research Company Limited 
1030,SPECTACLE,Spectacle Infotek Limited 
1031,SPENTEX,Spentex Industries Limited 
1032,SPIC,Southern Petrochemicals Industries Corporation Limited 
1033,SPICEMOBIL,Spice Mobility Limited 
1034,SPMLINFRA,SPML Infra Limited 
1035,SREINFRA,SREI Infrastructure Finance Limited 
1036,SRF,SRF Limited 
1037,SRHHYPOLTD,Sree Rayalaseema Hi-Strength Hypo Limited 
1038,SRTRANSFIN,Shriram Transport Finance Company Limited 
1039,SSWL,Steel Strips Wheels Limited 
1040,STAR,Strides Arcolab Limited 
1041,STARPAPER,Star Paper Mills Limited 
1042,STCINDIA,The State Trading Corporation of India Limited 
1043,STER,Sterlite Industries ( India ) Limited 
1044,STERLINBIO,Sterling Biotech Limited 
1045,STERTOOLS,Sterling Tools Limited 
1046,STINDIA,STI India Limited 
1047,STOREONE,Store One Retail India Limited 
1048,STRTECH,Sterlite Technologies Limited 
1049,SUBEX,Subex Limited 
1050,SUBROS,Subros Limited 
1051,SUDARSCHEM,Sudarshan Chemical Industries Limited 
1052,SUJANATOW,Sujana Tower Limited 
1053,SUJANAUNI,Sujana Universal Industries Limited 
1054,SUNCLAYTON,Sundaram Clayton Limited 
1055,SUNDARAM,Sundaram Multi Pap Limited 
1056,SUNDARMFIN,Sundaram Finance Limited 
1057,SUNDRMBRAK,Sundaram Brake Linings Limited 
1058,SUNDRMFAST,Sundram Fasteners Limited 
1059,SUNFLAG,Sunflag Iron And Steel Company Limited 
1060,SUNILHITEC,Sunil Hitech Engineers Limited 
1061,SUNPHARMA,Sun Pharmaceuticals Industries Limited 
1062,SUNTECK,Sunteck Realty Limited 
1063,SUNTV,Sun TV Network Limited 
1064,SUPERSPIN,Super Spinning Mills Limited 
1065,SUPPETRO,Supreme Petrochem Limited 
1066,SUPRAJIT,Suprajit Engineering Limited 
1067,SUPREMEIND,Supreme Industries Limited 
1068,SUPREMEINF,Supreme Infrastructure India Limited 
1069,SUPREMETEX,Supreme Tex Mart Limited 
1070,SURAJDIAMN,Su-Raj Diamonds and Jewellery Limited 
1071,SURANACORP,Surana Corporation Limited 
1072,SURANAIND,Surana Industries Limited 
1073,SURYAJYOTI,Suryajyoti Spinning Mills Limited 
1074,SURYALAXMI,Suryalakshmi Cotton Mills Limited 
1075,SURYAPHARM,Surya Pharmaceutical Limited 
1076,SURYAROSNI,Surya Roshni Limited 
1077,SUTLEJTEX,Sutlej Textiles and Industries Limited 
1078,SUVEN,Suven Life Sciences Limited 
1079,SUZLON,Suzlon Energy Limited 
1080,SWARAJENG,Swaraj Engines Limited 
1081,SYNCOM,Syncom Healthcare Limited 
1082,SYNDIBANK,Syndicate Bank 
1083,TAJGVK,Taj GVK Hotels & Resorts Limited 
1084,TAKE,Take Solutions Limited 
1085,TALBROAUTO,Talbros Automotive Components Limited 
1086,TALWALKARS,Talwalkars Better Value Fitness Limited 
1087,TANLA,Tanla Solutions Limited 
1088,TANTIACONS,Tantia Constructions Limited 
1089,TARAPUR,Tarapur Transformers Limited 
1090,TATACHEM,Tata Chemicals Limited 
1091,TATACOMM,Tata Communications Limited 
1092,TATAELXSI,Tata Elxsi Limited 
1093,TATACOFFEE,Tata Coffee Limited 
1094,TATAGLOBAL,Tata Global Beverages Limited 
1095,TATAINVEST, Tata Investment Corporation Limited 
1096,TATAMETALI,Tata Metaliks Limited 
1097,TATAMOTORS,Tata Motors Limited 
1098,TATAPOWER,Tata Power Company Limited 
1099,TATASPONGE,Tata Sponge Iron Limited 
1100,TATASTEEL,Tata Steel Limited 
1101,TCI,Transport Corporation of India Limited 
1102,TCIFINANCE,TCI Finance Limited 
1103,TCS,Tata Consultancy Services Limited 
1104,TECHM,Tech Mahindra Limited 
1105,TECHNOFAB,Technofab Engineering Limited 
1106,TECPRO,Tecpro Systems Limited 
1107,TELEDATAIT,Teledata Technology Solutions Limited 
1108,TEXMACOLTD,Texmaco Limited 
1109,TEXMOPIPES,Texmo Pipes and Products Limited 
1110,TFCILTD,Tourism Finance Corporation of India Limited 
1111,TFL,Transwarranty Finance Limited 
1112,THANGAMAYL,Thangamayil Jewellery Limited 
1113,THEMISMED,Themis Medicare Limited 
1114,THERMAX,Thermax Limited 
1115,THINKSOFT,Thinksoft Global Services Limited 
1116,THIRUSUGAR,Thiru Arooran Sugars Limited 
1117,THOMASCOOK,Thomas Cook (India) Limited 
1118,TI,Tilaknagar Industries Limited 
1119,TIDEWATER,Tide Water Oil Company (India) Limited 
1120,TIIL,Technocraft Industries (India) Limited 
1121,TIL,TIL Limited 
1122,TIMESGTY,Times Guaranty Limited 
1123,TIMETECHNO,Time Technoplast Limited 
1124,TIMKEN,Timken India Limited 
1125,TINPLATE,The Tinplate Company of India Limited 
1126,TIPSINDLTD,TIPS Industries Limited 
1127,TIRUMALCHM,Thirumalai Chemicals Limited 
1128,TITAN,Titan Industries Limited 
1129,TNPETRO,Tamilnadu PetroProducts Limited 
1130,TNPL,Tamil Nadu Newsprint & Papers Limited 
1131,TORNTPHARM,Torrent Pharmaceuticals Limited 
1132,TORNTPOWER,Torrent Power Limited 
1133,TRENT,Trent Limited 
1134,TRF,TRF Limited 
1135,TRICOM,Tricom India Limited 
1136,TRIGYN,Trigyn Technologies Limited 
1137,TRIL,Transformers And Rectifiers (India) Limited 
1138,TRIVENI,Triveni Engineering & Industries Limited 
1139,TTKHEALTH,TTK Healthcare Limited 
1140,TTKPRESTIG,TTK Prestige Limited 
1141,TTL,T T Limited 
1142,TTML,Tata Teleservices (Maharashtra) Limited 
1143,TUBEINVEST,Tube Investments of India Limited 
1144,TRIDENT,Trident Limited 
1145,TULIP,Tulip Telecom Limited 
1146,TULSI,Tulsi Extrusions Limited 
1147,TVSELECT,TVS Electronics Limited 
1148,TVSMOTOR,TVS Motor Company Limited 
1149,TVSSRICHAK,TVS Srichakra Limited 
1150,TVTODAY,TV Today Network Limited 
1151,TWILITAKA,Twilight Litaka Pharma Limited 
1152,TWL,Titagarh Wagons Limited 
1153,UBENGG,UB Engineering Limited 
1154,UBHOLDINGS,United Breweries (Holdings) Limited 
1155,UCALFUEL,Ucal Fuel Systems Limited 
1156,UCOBANK,UCO Bank 
1157,UFLEX,UFLEX Limited 
1158,UGARSUGAR,The Ugar Sugar Works Limited 
1159,ULTRACEMCO,UltraTech Cement Limited 
1160,UMESLTD,Usha Martin Education & Solutions Limited 
1161,UNICHEMLAB,Unichem Laboratories Limited 
1162,UNIENTER,Uniphos Enterprises Limited 
1163,UNIONBANK,Union Bank of India 
1164,UNIPHOS,United Phosphorus Limited 
1165,UNITECH,Unitech Limited 
1166,UBL,United Breweries Limited 
1167,UNITY,Unity Infraprojects Limited 
1168,UNIVCABLES,Universal Cables Limited 
1169,UNITEDBNK,United Bank of India 
1170,UPERGANGES,Upper Ganges Sugar & Industries Limited 
1171,USHAMART,Usha Martin Limited 
1172,USHERAGRO,Usher Agro Limited 
1173,UTTAMSTL,Uttam Galva Steels Limited 
1174,UTTAMSUGAR,Uttam Sugar Mills Limited 
1175,UTVSOF,UTV Software Communications Limited 
1176,VAIBHAVGEM,Vaibhav Gems Limited 
1177,VAKRANSOFT,Vakrangee Softwares Limited 
1178,VALECHAENG,Valecha Engineering Limited 
1179,VALUEIND,Value Industries Limited 
1180,VARDHACRLC,Vardhman Acrylics Limited 
1181,VARDMNPOLY,Vardhman Polytex Limited 
1182,VARUN,Varun Industries Limited 
1183,VARUNSHIP,Varun Shipping Company Limited 
1184,VASCONEQ,Vascon Engineers Limited 
1185,VENKEYS,Venky's (India) Limited 
1186,VENUSREM,Venus Remedies Limited 
1187,VESUVIUS,Vesuvius India Limited 
1188,VGUARD,V-Guard Industries Limited 
1189,VHL,Vardhman Holdings Limited 
1190,VICEROY,Viceroy Hotels Limited 
1191,VIDEOIND,Videocon Industries Limited 
1192,VIJAYABANK,Vijaya Bank 
1193,VIJSHAN,Vijay Shanthi Builders Limited 
1194,VIKASHMET,Vikash Metal & Power Limited 
1195,VIMTALABS,Vimta Labs Limited 
1196,VINATIORGA,Vinati Organics Limited 
1197,VINDHYATEL,Vindhya Telelinks Limited 
1198,VIPIND,VIP Industries Limited 
1199,VISAKAIND,Visaka Industries Limited 
1200,VISASTEEL,Visa Steel Limited 
1201,VISESHINFO,Visesh Infotecnics Limited 
1202,VISHALRET,Vishal Retail Limited 
1203,VIVIMEDLAB,Vivimed Labs Limited 
1204,VLSFINANCE,VLS Finance Limited 
1205,VOLTAMP,Voltamp Transformers Limited 
1206,VOLTAS,Voltas Limited 
1207,VSTIND,VST Industries Limited 
1208,VTL,Vardhman Textiles Limited 
1209,WABAG,VA Tech Wabag Limited 
1210,WABCO-TVS,WABCO-TVS (INDIA) Limited 
1211,WALCHANNAG,Walchandnagar Industries Limited 
1212,WANBURY,Wanbury Limited 
1213,WEBELSOLAR,Websol Energy Systems Limited 
1214,WEIZMANIND,Weizmann Limited 
1215,WELCORP,Welspun Corp Limited 
1216,WELINV,Welspun Investments and Commercials Limited 
1217,WELPROJ,Welspun Projects Limited 
1218,WELSPUNIND,Welspun India Limited 
1219,WENDT,Wendt (India) Limited 
1220,WHEELS,Wheels India Limited 
1221,WHIRLPOOL,Whirlpool of India Limited 
1222,WILLAMAGOR,Williamson Magor & Company Limited 
1223,WINDSOR,Windsor Machines Limited 
1224,WINSOMYARN,Winsome Yarns Limited 
1225,WIPRO,Wipro Limited 
1226,WSI,W S Industries (I) Limited 
1227,WSTCSTPAPR,West Coast Paper Mills Limited 
1228,WOCKPHARMA,Wockhardt Limited 
1229,WWIL,Wire and Wireless (India) Limited 
1230,WYETH,Wyeth Limited 
1231,XPROINDIA,Xpro India Limited 
1232,XLENERGY,XL Energy Limited 
1233,YESBANK,Yes Bank Limited 
1234,ZANDUREALT,Zandu Realty Limited 
1235,ZEEL,Zee Entertainment Enterprises Limited 
1236,ZEENEWS,Zee News Limited 
1237,ZENITHBIR,Zenith Birla (India) Limited 
1238,ZENITHCOMP,Zenith Computers Limited 
1239,ZENITHINFO,Zenith Infotech Limited 
1240,ZENSARTECH,Zensar Technologies Limited 
1241,ZICOM,Zicom Electronic Security Systems Limited 
1242,ZODIACLOTH,Zodiac Clothing Company Limited 
1243,ZUARIAGRO,Zuari Industries Limited 
1244,ZYDUSWELL,Zydus Wellness Limited 
1245,ZYLOG,Zylog Systems Limited 
